,state,constituency,won status,votes,(votes),Name,Party Name
0,Andaman & Nicobar Islands,Andaman & Nicobar Islands(1),won,102436,(+ 24396),BISHNU PADA RAY,Bharatiya Janata Party
13,Punjab,Faridkot(9),won,298062,(+ 70053),SARABJEET SINGH KHALSA,Independent
42,Puducherry,PUDUCHERRY(1),won,426005,(+ 136516),VE VAITHILINGAM,Indian National Congress
69,Odisha,Koraput(21),won,471393,(+ 147744),SAPTAGIRI SANKAR ULAKA,Indian National Congress
81,NCT OF Delhi,South Delhi(7),won,692832,(+ 124333),RAMVIR SINGH BIDHURI,Bharatiya Janata Party
104,Nagaland,Nagaland(1),won,401951,(+ 50984),S SUPONGMEREN JAMIR,Indian National Congress
108,Mizoram,MIZORAM(1),won,208552,(+ 68288),RICHARD VANLALHMANGAIHA,Zoram People’s Movement
115,Meghalaya,Tura(2),won,383919,(+ 155241),SALENG A SANGMA,Indian National Congress
120,Manipur,Outer Manipur(2),won,384954,(+ 85418),ALFRED KANNGAM S ARTHUR,Indian National Congress
125,Maharashtra,Sangli(44),won,571666,(+ 100053),VISHAL (DADA) PRAKASHBAPU PATIL,Independent
146,Madhya Pradesh,BETUL(29),won,848236,(+ 379761),DURGADAS (D. D.) UIKEY,Bharatiya Janata Party
155,Lakshadweep,Lakshadweep(1),won,25726,(+ 2647),MUHAMMED HAMDULLAH SAYEED,Indian National Congress
160,Ladakh,Ladakh(1),won,65259,(+ 27862),MOHMAD HANEEFA,Independent
164,Kerala,Kollam(18),won,443628,(+ 150302),N K PREMACHANDRAN,Revolutionary Socialist Party
177,Karnataka,Kolar(28),won,691481,(+ 71388),M. MALLESH BABU,Janata Dal  (Secular)
196,Jharkhand,Giridih(6),won,451139,(+ 80880),CHANDRA PRAKASH CHOUDHARY,AJSU Party
213,West Bengal,Maldaha Dakshin(8),won,572395,(+ 128368),ISHA KHAN CHOUDHURY,Indian National Congress
231,Karnataka,Mandya(20),won,851881,(+ 284620),H.D. KUMARASWAMY,Janata Dal  (Secular)
246,Madhya Pradesh,KHANDWA(28),won,862679,(+ 269971),GYANESHWAR PATIL,Bharatiya Janata Party
258,Madhya Pradesh,KHARGONE(27),won,819863,(+ 135018),GAJENDRA SINGH PATEL,Bharatiya Janata Party
264,Madhya Pradesh,INDORE(26),won,1226751,(+ 1008077),SHANKAR LALWANI,Bharatiya Janata Party
279,Madhya Pradesh,DHAR(25),won,794449,(+ 218665),SAVITRI THAKUR,Bharatiya Janata Party
287,Madhya Pradesh,RATLAM(24),won,795863,(+ 207232),ANITA NAGARSINGH CHOUHAN,Bharatiya Janata Party
300,Madhya Pradesh,MANDSOUR(23),won,945761,(+ 500655),SUDHEER GUPTA,Bharatiya Janata Party
309,Madhya Pradesh,UJJAIN(22),won,836104,(+ 375860),ANIL FIROJIYA,Bharatiya Janata Party
319,Madhya Pradesh,DEWAS(21),won,928941,(+ 425225),MAHENDRA SINGH SOLANKY,Bharatiya Janata Party
328,Madhya Pradesh,BHOPAL(19),won,981109,(+ 501499),ALOK SHARMA,Bharatiya Janata Party
351,Madhya Pradesh,VIDISHA(18),won,1116460,(+ 821408),SHIVRAJ SINGH CHOUHAN,Bharatiya Janata Party
365,Madhya Pradesh,HOSHANGABAD(17),won,812147,(+ 431696),DARSHAN SINGH CHOUDHARY,Bharatiya Janata Party
378,Madhya Pradesh,RAJGARH(20),won,758743,(+ 146089),RODMAL NAGAR,Bharatiya Janata Party
394,Madhya Pradesh,CHHINDWARA(16),won,644738,(+ 113618),BUNTY VIVEK SAHU,Bharatiya Janata Party
410,Madhya Pradesh,BALAGHAT(15),won,712660,(+ 174512),BHARTI PARDHI,Bharatiya Janata Party
424,Madhya Pradesh,MANDLA(14),won,751375,(+ 103846),FAGGAN SINGH KULASTE,Bharatiya Janata Party
439,Madhya Pradesh,JABALPUR(13),won,790133,(+ 486674),ASHISH DUBEY,Bharatiya Janata Party
459,Madhya Pradesh,SHAHDOL(12),won,711143,(+ 397340),SMT. HIMADRI SINGH,Bharatiya Janata Party
470,Madhya Pradesh,SIDHI(11),won,583559,(+ 206416),DR. RAJESH MISHRA,Bharatiya Janata Party
488,Madhya Pradesh,REWA(10),won,477459,(+ 193374),JANARDAN MISHRA,Bharatiya Janata Party
503,Madhya Pradesh,SATNA(9),won,459728,(+ 84949),GANESH SINGH,Bharatiya Janata Party
523,Madhya Pradesh,KHAJURAHO(8),won,772774,(+ 541229),VISHNU DATT SHARMA (V.D.SHARMA),Bharatiya Janata Party
538,Madhya Pradesh,DAMOH(7),won,709768,(+ 406426),RAHUL SINGH LODHI,Bharatiya Janata Party
553,Madhya Pradesh,TIKAMGARH(6),won,715050,(+ 403312),DR. VIRENDRA KUMAR,Bharatiya Janata Party
561,Madhya Pradesh,SAGAR(5),won,787979,(+ 471222),DR. LATA WANKHEDE,Bharatiya Janata Party
575,Madhya Pradesh,GUNA(4),won,923302,(+ 540929),JYOTIRADITYA M. SCINDIA,Bharatiya Janata Party
591,Madhya Pradesh,GWALIOR(3),won,671535,(+ 70210),BHARAT SINGH KUSHWAH,Bharatiya Janata Party
611,Madhya Pradesh,BHIND(2),won,537065,(+ 64840),SANDHYA RAY,Bharatiya Janata Party
619,Madhya Pradesh,MORENA(1),won,515477,(+ 52530),SHIVMANGAL SINGH TOMAR,Bharatiya Janata Party
635,Manipur,Inner Manipur(1),won,374017,(+ 109801),ANGOMCHA BIMOL AKOIJAM,Indian National Congress
642,NCT OF Delhi,West Delhi(6),won,842658,(+ 199013),KAMALJEET SEHRAWAT,Bharatiya Janata Party
667,NCT OF Delhi,North-West Delhi(5),won,866483,(+ 290849),YOGENDER CHANDOLIYA,Bharatiya Janata Party
694,NCT OF Delhi,New Delhi(4),won,453185,(+ 78370),BANSURI SWARAJ,Bharatiya Janata Party
712,NCT OF Delhi,East Delhi(3),won,664819,(+ 93663),HARSH MALHOTRA,Bharatiya Janata Party
733,NCT OF Delhi,North-East Delhi(2),won,824451,(+ 138778),MANOJ TIWARI,Bharatiya Janata Party
762,NCT OF Delhi,Chandni Chowk(1),won,516496,(+ 89325),PRAVEEN KHANDELWAL,Bharatiya Janata Party
788,Punjab,Khadoor Sahib(3),won,404430,(+ 197120),AMRITPAL SINGH,Independent
816,West Bengal,Bishnupur(37),won,680130,(+ 5567),KHAN SAUMITRA,Bharatiya Janata Party
824,West Bengal,Birbhum(42),won,717961,(+ 197650),SATABDI ROY,All India Trinamool Congress
837,Jharkhand,Lohardaga(12),won,483038,(+ 139138),SUKHDEO BHAGAT,Indian National Congress
853,Jharkhand,Singhbhum(10),won,520164,(+ 168402),JOBA MAJHI,Jharkhand Mukti Morcha
868,Jharkhand,Hazaribagh(14),won,654613,(+ 276686),MANISH JAISWAL,Bharatiya Janata Party
886,Karnataka,Chamarajanagar(22),won,751671,(+ 188706),SUNIL BOSE,Indian National Congress
901,Karnataka,Chikkballapur(27),won,822619,(+ 163460),DR.K.SUDHAKAR,Bharatiya Janata Party
931,Kerala,Kottayam(14),won,364631,(+ 87266),ADV K FRANCIS GEORGE,Kerala Congress
946,Kerala,Thrissur(10),won,412338,(+ 74686),SURESH GOPI,Bharatiya Janata Party
956,Kerala,Alathur (9),won,403447,(+ 20111),K.RADHAKRISHNAN,Communist Party of India  (Marxist)
962,Kerala,Ponnani(7),won,562516,(+ 235760),DR. M.P ABDUSSAMAD SAMADANI,Indian Union Muslim League
971,Kerala,Thiruvananthapuram(20),won,358155,(+ 16077),SHASHI THAROOR,Indian National Congress
984,Maharashtra,Raigad(32),won,508352,(+ 82784),TATKARE SUNIL DATTATREY,Nationalist Congress Party
998,Maharashtra,Hatkanangale(48),won,520190,(+ 13426),DHAIRYASHEEL SAMBHAJIRAO MANE,Shiv Sena
1026,Maharashtra,Madha(43),won,622213,(+ 120837),MOHITE-PATIL DHAIRYASHEEL RAJSINH,Nationalist Congress Party – Sharadchandra Pawar
1059,Maharashtra,Osmanabad(40),won,748752,(+ 329846),OMPRAKASH BHUPALSINH ALIAS PAVAN RAJENIMBALKAR,Shiv Sena (Uddhav Balasaheb Thackrey)
1091,Maharashtra,Ratnagiri- Sindhudurg(46),won,448514,(+ 47858),NARAYAN TATU RANE,Bharatiya Janata Party
1101,Maharashtra,Satara(45),won,571134,(+ 32771),SHRIMANT CHH UDAYANRAJE PRATAPSINHAMAHARAJ BHONSLE,Bharatiya Janata Party
1118,Maharashtra,Pune(34),won,584728,(+ 123038),MURLIDHAR MOHOL,Bharatiya Janata Party
1154,Maharashtra,Mumbai North(26),won,680146,(+ 357608),PIYUSH GOYAL,Bharatiya Janata Party
1174,Maharashtra,Palghar(22),won,601244,(+ 183306),DR. HEMANT VISHNU SAVARA,Bharatiya Janata Party
1185,Maharashtra,Nagpur(10),won,655027,(+ 137603),NITIN JAIRAM GADKARI,Bharatiya Janata Party
1212,Maharashtra,Akola(6),won,457030,(+ 40626),ANUP SANJAY DHOTRE,Bharatiya Janata Party
1228,Maharashtra,Raver(4),won,630879,(+ 272183),KHADSE RAKSHA NIKHIL,Bharatiya Janata Party
1253,Maharashtra,Jalgaon(3),won,674428,(+ 251594),SMITA UDAY WAGH,Bharatiya Janata Party
1268,Maharashtra,Shirdi (38),won,476900,(+ 50529),BHAUSAHEB RAJARAM WAKCHAURE,Shiv Sena (Uddhav Balasaheb Thackrey)
1289,Maharashtra,Mumbai South(31),won,395655,(+ 52673),ARVIND GANPAT SAWANT,Shiv Sena (Uddhav Balasaheb Thackrey)
1304,Maharashtra,Mumbai South Central(30),won,395138,(+ 53384),ANIL YESHWANT DESAI,Shiv Sena (Uddhav Balasaheb Thackrey)
1320,Maharashtra,Mumbai North East(28),won,450937,(+ 29861),SANJAY DINA PATIL,Shiv Sena (Uddhav Balasaheb Thackrey)
1341,Maharashtra,Nashik(21),won,616729,(+ 162001),RAJABHAU (PARAG) PRAKASH WAJE,Shiv Sena (Uddhav Balasaheb Thackrey)
1373,Maharashtra,Parbhani(17),won,601343,(+ 134061),JADHAV SANJAY ( BANDU ) HARIBHAU,Shiv Sena (Uddhav Balasaheb Thackrey)
1408,Maharashtra,Hingoli(15),won,492535,(+ 108602),AASHTIKAR PATIL NAGESH BAPURAO,Shiv Sena (Uddhav Balasaheb Thackrey)
1442,Maharashtra,Yavatmal- Washim(14),won,594807,(+ 94473),SANJAY UTTAMRAO DESHMUKH,Shiv Sena (Uddhav Balasaheb Thackrey)
1460,Maharashtra,Beed(39),won,683950,(+ 6553),BAJRANG MANOHAR SONWANE,Nationalist Congress Party – Sharadchandra Pawar
1502,Maharashtra,Ahmednagar(37),won,624797,(+ 28929),NILESH DNYANDEV LANKE,Nationalist Congress Party – Sharadchandra Pawar
1528,Maharashtra,Shirur(36),won,698692,(+ 140951),DR. AMOL RAMSING KOLHE,Nationalist Congress Party – Sharadchandra Pawar
1561,Maharashtra,Baramati(35),won,732312,(+ 158333),SUPRIYA SULE,Nationalist Congress Party – Sharadchandra Pawar
1600,Maharashtra,Bhiwandi(23),won,499464,(+ 66121),BALYA MAMA - SURESH GOPINATH MHATRE,Nationalist Congress Party – Sharadchandra Pawar
1628,Maharashtra,Dindori (20),won,577339,(+ 113199),BHASKAR MURLIDHAR BHAGARE,Nationalist Congress Party – Sharadchandra Pawar
1639,Maharashtra,Wardha(8),won,533106,(+ 81648),AMAR SHARADRAO KALE,Nationalist Congress Party – Sharadchandra Pawar
1664,Maharashtra,Maval(33),won,692832,(+ 96615),SHRIRANG APPA CHANDU BARNE,Shiv Sena
1698,Maharashtra,Mumbai North West(27),won,452644,(+ 48),RAVINDRA DATTARAM WAIKAR,Shiv Sena
1720,Maharashtra,Thane(25),won,734231,(+ 217011),NARESH GANPAT MHASKE,Shiv Sena
1745,Maharashtra,Kalyan(24),won,589636,(+ 209144),DR SHRIKANT EKNATH SHINDE,Shiv Sena
1774,Maharashtra,Aurangabad(19),won,476130,(+ 134650),BHUMARE SANDIPANRAO ASARAM,Shiv Sena
1812,Maharashtra,Buldhana(5),won,349867,(+ 29479),JADHAV PRATAPRAO GANPATRAO,Shiv Sena
1834,Kerala,Attingal(19),won,328051,(+ 684),ADV ADOOR PRAKASH,Indian National Congress
1842,Kerala,Pathanamthitta(17),won,367623,(+ 66119),ANTO ANTONY,Indian National Congress
1851,Kerala,Mavelikkara (16),won,369516,(+ 10868),KODIKUNNIL SURESH,Indian National Congress
1861,Kerala,Alappuzha(15),won,404560,(+ 63513),K. C VENUGOPAL,Indian National Congress
1873,Kerala,Idukki(13),won,432372,(+ 133727),ADV. DEAN KURIAKOSE,Indian National Congress
1881,Kerala,Ernakulam(12),won,482317,(+ 250385),HIBI EDEN,Indian National Congress
1892,Kerala,Chalakudy(11),won,394171,(+ 63754),BENNY BEHANAN,Indian National Congress
1904,Kerala,Palakkad(8),won,421169,(+ 75283),V K SREEKANDAN,Indian National Congress
1915,Kerala,Kozhikode(5),won,520421,(+ 146176),M. K. RAGHAVAN,Indian National Congress
1929,Kerala,Wayanad(4),won,647445,(+ 364422),RAHUL GANDHI,Indian National Congress
1939,Kerala,Vadakara(3),won,557528,(+ 114506),SHAFI PARAMBIL,Indian National Congress
1950,Kerala,Kannur(2),won,518524,(+ 108982),K. SUDHAKARAN,Indian National Congress
1963,Kerala,Kasaragod(1),won,490659,(+ 100649),RAJMOHAN UNNITHAN,Indian National Congress
1973,Kerala,Malappuram(6),won,644006,(+ 300118),E.T.  MOHAMMED BASHEER,Indian Union Muslim League
1982,Karnataka,Bangalore South(26),won,750830,(+ 277083),TEJASVI SURYA,Bharatiya Janata Party
2005,Karnataka,Bangalore central(25),won,658915,(+ 32707),P C MOHAN,Bharatiya Janata Party
2030,Karnataka,Bangalore North(24),won,986049,(+ 259476),SHOBHA KARANDLAJE,Bharatiya Janata Party
2052,Karnataka,Bangalore Rural(23),won,1079002,(+ 269647),DR C N MANJUNATH,Bharatiya Janata Party
2068,Karnataka,Mysore(21),won,795503,(+ 139262),YADUVEER KRISHNADATTA CHAMARAJA WADIYAR,Bharatiya Janata Party
2087,Karnataka,Tumkur(19),won,720946,(+ 175594),V. SOMANNA,Bharatiya Janata Party
2106,Karnataka,Chitradurga(18),won,684890,(+ 48121),GOVIND MAKTHAPPA KARJOL,Bharatiya Janata Party
2127,Karnataka,Dakshina Kannada(17),won,764132,(+ 149208),CAPTAIN BRIJESH CHOWTA,Bharatiya Janata Party
2137,Karnataka,Udupi Chikmagalur(15),won,732234,(+ 259175),KOTA SRINIVAS POOJARY,Bharatiya Janata Party
2148,Karnataka,Shimoga(14),won,778721,(+ 243715),B.Y.RAGHAVENDRA,Bharatiya Janata Party
2172,Karnataka,Uttara Kannada(12),won,782495,(+ 337428),VISHWESHWAR HEGDE KAGERI,Bharatiya Janata Party
2186,Karnataka,Dharwad(11),won,716231,(+ 97324),PRALHAD JOSHI,Bharatiya Janata Party
2204,Karnataka,Haveri(10),won,705538,(+ 43513),BASAVARAJ BOMMAI,Bharatiya Janata Party
2219,Karnataka,Bijapur(4),won,672781,(+ 77229),RAMESH JIGAJINAGI,Bharatiya Janata Party
2228,Karnataka,Bagalkot(3),won,671039,(+ 68399),GADDIGOUDAR. PARVATAGOUDA. CHANDANAGOUDA.,Bharatiya Janata Party
2251,Karnataka,Belgaum(2),won,762029,(+ 178437),JAGADISH SHETTAR,Bharatiya Janata Party
2265,Karnataka,Hassan(16),won,672988,(+ 42649),SHREYAS. M. PATEL,Indian National Congress
2281,Karnataka,Davanagere(13),won,633059,(+ 26094),DR. PRABHA MALLIKARJUN,Indian National Congress
2312,Karnataka,Bellary(9),won,730845,(+ 98992),E. TUKARAM,Indian National Congress
2323,Karnataka,Koppal(8),won,663511,(+ 46357),K. RAJASHEKAR BASAVARAJ HITNAL,Indian National Congress
2343,Karnataka,Bidar(7),won,666317,(+ 128875),SAGAR ESHWAR KHANDRE,Indian National Congress
2362,Karnataka,Raichur(6),won,670966,(+ 79781),G. KUMAR NAIK.,Indian National Congress
2371,Karnataka,Gulbarga(5),won,652321,(+ 27205),RADHAKRISHNA,Indian National Congress
2386,Karnataka,Chikkodi(1),won,713461,(+ 90834),PRIYANKA SATISH JARKIHOLI,Indian National Congress
2405,Jharkhand,Palamau(13),won,770362,(+ 288807),VISHNU DAYAL RAM,Bharatiya Janata Party
2415,Jharkhand,Jamshedpur(9),won,726174,(+ 259782),BIDYUT BARAN MAHATO,Bharatiya Janata Party
2441,Jharkhand,Ranchi(8),won,664732,(+ 120512),SANJAY SETH,Bharatiya Janata Party
2469,Jharkhand,Dhanbad(7),won,789172,(+ 331583),DULU MAHATO,Bharatiya Janata Party
2495,Jharkhand,Kodarma(5),won,791657,(+ 377014),ANNPURNA DEVI,Bharatiya Janata Party
2511,Jharkhand,Chatra(4),won,574556,(+ 220959),KALI CHARAN SINGH,Bharatiya Janata Party
2534,Jharkhand,Godda(3),won,693140,(+ 101813),NISHIKANT DUBEY,Bharatiya Janata Party
2554,Jharkhand,Dumka(2),won,547370,(+ 22527),NALIN SOREN,Jharkhand Mukti Morcha
2574,Jharkhand,Rajmahal(1),won,613371,(+ 178264),VIJAY KUMAR HANSDAK,Jharkhand Mukti Morcha
2589,Jharkhand,Khunti(11),won,511647,(+ 149675),KALI CHARAN MUNDA,Indian National Congress
2597,West Bengal,Bolpur(41),won,855633,(+ 327253),ASIT KUMAR MAL,All India Trinamool Congress
2606,West Bengal,Asansol(40),won,605645,(+ 59564),SHATRUGHAN PRASAD SINHA,All India Trinamool Congress
2614,West Bengal,Bardhaman-Durgapur(39),won,720667,(+ 137981),AZAD KIRTI JHA,All India Trinamool Congress
2623,West Bengal,Bardhaman Purba(38),won,720302,(+ 160572),DR. SHARMILA SARKAR,All India Trinamool Congress
2631,West Bengal,Bankura(36),won,641813,(+ 32778),ARUP CHAKRABORTY,All India Trinamool Congress
2645,West Bengal,Medinipur(34),won,702192,(+ 27191),JUNE MALIAH,All India Trinamool Congress
2655,West Bengal,Jhargram(33),won,743478,(+ 174048),KALIPADA SAREN (KHERWAL),All India Trinamool Congress
2669,West Bengal,Ghatal(32),won,837990,(+ 182868),ADHIKARI DEEPAK (DEV),All India Trinamool Congress
2677,West Bengal,Arambagh(29),won,712587,(+ 6399),BAG MITALI,All India Trinamool Congress
2688,West Bengal,Hooghly(28),won,702744,(+ 76853),RACHNA BANERJEE,All India Trinamool Congress
2701,West Bengal,Srerampur(27),won,673970,(+ 174830),KALYAN BANERJEE,All India Trinamool Congress
2713,West Bengal,Uluberia(26),won,724622,(+ 218673),SAJDA AHMED,All India Trinamool Congress
2726,West Bengal,Howrah(25),won,626493,(+ 169442),PRASUN BANERJEE,All India Trinamool Congress
2741,West Bengal,Kolkata Uttar(24),won,454696,(+ 92560),BANDYOPADHYAY SUDIP,All India Trinamool Congress
2757,West Bengal,Kolkata Dakshin(23),won,615274,(+ 187231),MALA ROY,All India Trinamool Congress
2775,West Bengal,Jadavpur(22),won,717899,(+ 258201),SAYANI GHOSH,All India Trinamool Congress
2792,West Bengal,Diamond harbour(21),won,1048230,(+ 710930),ABHISHEK BANERJEE,All India Trinamool Congress
2805,West Bengal,Mathurapur(20),won,755731,(+ 201057),BAPI HALDAR,All India Trinamool Congress
2818,West Bengal,Joynagar(19),won,894312,(+ 470219),PRATIMA MONDAL,All India Trinamool Congress
2830,West Bengal,Basirhat(18),won,803762,(+ 333547),SK NURUL ISLAM,All India Trinamool Congress
2846,West Bengal,Barasat(17),won,692010,(+ 114189),KAKOLI GHOSH DASTIDAR,All India Trinamool Congress
2859,West Bengal,Dum dum(16),won,528579,(+ 70660),SOUGATA RAY,All India Trinamool Congress
2874,West Bengal,Barrackpur(15),won,520231,(+ 64438),PARTHA BHOWMICK,All India Trinamool Congress
2889,West Bengal,Krishnanagar(12),won,628789,(+ 56705),MAHUA MOITRA,All India Trinamool Congress
2901,West Bengal,Murshidabad(11),won,682442,(+ 164215),ABU TAHER KHAN,All India Trinamool Congress
2913,West Bengal,Baharampur(10),won,524516,(+ 85022),PATHAN YUSUF,All India Trinamool Congress
2929,West Bengal,Jangipur(9),won,544427,(+ 116637),KHALILUR RAHAMAN,All India Trinamool Congress
2944,West Bengal,Purulia(35),won,578489,(+ 17079),JYOTIRMAY SINGH MAHATO,Bharatiya Janata Party
2957,West Bengal,Kanthi(31),won,763195,(+ 47764),ADHIKARI SOUMENDU,Bharatiya Janata Party
2967,West Bengal,Tamluk(30),won,765584,(+ 77733),ABHIJIT GANGOPADHYAY,Bharatiya Janata Party
2977,West Bengal,Bangaon(14),won,719505,(+ 73693),SHANTANU THAKUR,Bharatiya Janata Party
2993,West Bengal,Coochbehar(1),won,788375,(+ 39250),JAGADISH CHANDRA BARMA BASUNIA,All India Trinamool Congress
3008,West Bengal,Ranaghat(13),won,782396,(+ 186899),JAGANNATH SARKAR,Bharatiya Janata Party
3016,West Bengal,Maldaha Uttar(7),won,527023,(+ 77708),KHAGEN MURMU,Bharatiya Janata Party
3032,West Bengal,Balurghat(6),won,574996,(+ 10386),SUKANTA MAJUMDAR,Bharatiya Janata Party
3046,West Bengal,Raiganj(5),won,560897,(+ 68197),KARTICK CHANDRA PAUL,Bharatiya Janata Party
3067,West Bengal,Darjeeling(4),won,679331,(+ 178525),RAJU BISTA,Bharatiya Janata Party
3082,West Bengal,Jalpaiguri(3),won,766568,(+ 86693),DR JAYANTA KUMAR ROY,Bharatiya Janata Party
3095,West Bengal,Alipurduars(2),won,695314,(+ 75447),MANOJ TIGGA,Bharatiya Janata Party
3107,Maharashtra,Kolhapur(47),won,754522,(+ 154964),CHHATRAPATI SHAHU SHAHAJI,Indian National Congress
3131,Meghalaya,Shillong(1),won,571078,(+ 371910),DR. RICKY ANDREW J. SYNGKON,Voice of the People Party
3138,Odisha,Berhampur(20),won,513102,(+ 165476),DR. PRADEEP KUMAR PANIGRAHY,Bharatiya Janata Party
3150,Punjab,Bathinda(11),won,376558,(+ 49656),HARSIMRAT KAUR BADAL,Shiromani Akali Dal
3169,Punjab,Sangrur(12),won,364085,(+ 172560),GURMEET SINGH MEET HAYER,Aam Aadmi Party
3193,Punjab,Patiala(13),won,305616,(+ 14831),DR DHARAMVIRA GANDHI,Indian National Congress
3220,Uttarakhand,Haridwar(5),won,653808,(+ 164056),TRIVENDRA SINGH RAWAT,Bharatiya Janata Party
3235,Uttar Pradesh,Mirzapur(79),won,471631,(+ 37810),ANUPRIYA PATEL,Apna Dal (Soneylal)
3246,Tripura,Tripura East(2),won,777447,(+ 486819),KRITI DEVI DEBBARMAN,Bharatiya Janata Party
3256,Telangana,Hyderabad(9),won,661981,(+ 338087),ASADUDDIN OWAISI,All India Majlis-E-Ittehadul Muslimeen
3287,Tamil Nadu,RAMANATHAPURAM(35),won,509664,(+ 166782),NAVASKANI K,Indian Union Muslim League
3313,Sikkim,Sikkim(1),won,164396,(+ 80830),INDRA HANG SUBBA,Sikkim Krantikari Morcha
3328,Rajasthan,BANSWARA (20),won,820831,(+ 247054),RAJ KUMAR ROAT,Bharat Adivasi Party
3337,Jammu and Kashmir,BARAMULLA(1),won,472481,(+ 204142),ABDUL RASHID SHEIKH,Independent
3360,Himachal Pradesh,SHIMLA(4),won,519748,(+ 91451),Suresh Kumar Kashyap,Bharatiya Janata Party
3366,Haryana,FARIDABAD(10),won,788569,(+ 172914),KRISHAN PAL,Bharatiya Janata Party
3391,Gujarat,Banaskantha(2),won,671883,(+ 30406),GENIBEN NAGAJI THAKOR,Indian National Congress
3404,Gujarat,Valsad(26),won,764226,(+ 210704),DHAVAL LAXMANBHAI  PATEL,Bharatiya Janata Party
3412,Haryana,ROHTAK(7),won,783578,(+ 345298),DEEPENDER SINGH HOODA,Indian National Congress
3439,Jammu and Kashmir,JAMMU(5),won,687588,(+ 135498),JUGAL KISHORE,Bharatiya Janata Party
3462,Jammu and Kashmir,ANANTNAG-RAJOURI(3),won,521836,(+ 281794),MIAN ALTAF AHMAD,Jammu & Kashmir National Conference
3483,Rajasthan,NAGAUR(14),won,596955,(+ 42225),HANUMAN BENIWAL,Rashtriya Loktantrik Party
3493,Rajasthan,SIKAR(5),won,659300,(+ 72896),AMRARAM,Communist Party of India  (Marxist)
3508,Jammu and Kashmir,SRINAGAR(2),won,356866,(+ 188416),AGA SYED RUHULLAH MEHDI,Jammu & Kashmir National Conference
3533,Jammu and Kashmir,UDHAMPUR(4),won,571076,(+ 124373),DR JITENDRA SINGH,Bharatiya Janata Party
3546,Haryana,SONIPAT(6),won,548682,(+ 21816),SATPAL BRAHAMCHARI,Indian National Congress
3569,Haryana,HISAR(4),won,570424,(+ 63381),JAI PARKASH (J P) S/O HARIKESH,Indian National Congress
3598,Haryana,SIRSA(3),won,733823,(+ 268497),SELJA,Indian National Congress
3618,Haryana,AMBALA(1),won,663657,(+ 49036),VARUN CHAUDHRY,Indian National Congress
3633,Gujarat,Navsari(25),won,1031065,(+ 773551),C R PATIL,Bharatiya Janata Party
3648,Gujarat,Surat(24),won,Uncontested,,MUKESHKUMAR CHANDRAKAANT DALAL,Bharatiya Janata Party
3649,Gujarat,Bardoli(23),won,763950,(+ 230253),PARBHUBHAI NAGARBHAI VASAVA,Bharatiya Janata Party
3653,Gujarat,Bharuch(22),won,608157,(+ 85696),MANSUKHBHAI DHANJIBHAI VASAVA,Bharatiya Janata Party
3667,Gujarat,Chhota Udaipur(21),won,796589,(+ 398777),JASHUBHAI BHILUBHAI RATHVA,Bharatiya Janata Party
3674,Gujarat,Vadodara(20),won,873189,(+ 582126),DR. HEMANG JOSHI,Bharatiya Janata Party
3689,Gujarat,Dahod(19),won,688715,(+ 333677),JASWANTSINH SUMANBHAI BHABHOR,Bharatiya Janata Party
3699,Gujarat,Panchmahal(18),won,794579,(+ 509342),RAJPALSINH MAHENDRASINH JADAV,Bharatiya Janata Party
3708,Gujarat,Kheda(17),won,744435,(+ 357758),DEVUSINH CHAUHAN,Bharatiya Janata Party
3721,Gujarat,Anand(16),won,612484,(+ 89939),MITESH PATEL (BAKABHAI),Bharatiya Janata Party
3729,Gujarat,Bhavnagar(15),won,716883,(+ 455289),NIMUBEN JAYANTIBHAI BAMBHANIYA (NIMUBEN BAMBHANIYA),Bharatiya Janata Party
3743,Gujarat,Amreli(14),won,580872,(+ 321068),BHARATBHAI MANUBHAI SUTARIYA,Bharatiya Janata Party
3752,Gujarat,Junagadh(13),won,584049,(+ 135494),CHUDASAMA RAJESHBHAI NARANBHAI,Bharatiya Janata Party
3764,Gujarat,Jamnagar(12),won,620049,(+ 238008),POONAMBEN HEMATBHAI MAADAM,Bharatiya Janata Party
3779,Gujarat,Porbandar(11),won,633118,(+ 383360),DR. MANSUKH MANDAVIYA,Bharatiya Janata Party
3792,Gujarat,Rajkot(10),won,857984,(+ 484260),PARSHOTTAMBHAI RUPALA,Bharatiya Janata Party
3802,Gujarat,Surendranagar(9),won,669749,(+ 261617),CHANDUBHAI CHHAGANBHAI SHIHORA,Bharatiya Janata Party
3817,Gujarat,Ahmedabad West(8),won,611704,(+ 286437),DINESHBHAI MAKWANA (ADVOCATE),Bharatiya Janata Party
3824,Gujarat,Ahmedabad East(7),won,770459,(+ 461755),HASMUKHBHAI PATEL (H.S.PATEL),Bharatiya Janata Party
3843,Gujarat,Gandhinagar(6),won,1010972,(+ 744716),AMIT SHAH,Bharatiya Janata Party
3858,Gujarat,Sabarkantha(5),won,677318,(+ 155682),SHOBHANABEN MAHENDRASINH BARAIYA,Bharatiya Janata Party
3873,Gujarat,Mahesana(4),won,686406,(+ 328046),HARIBHAI PATEL,Bharatiya Janata Party
3880,Gujarat,Patan(3),won,591947,(+ 31876),DABHI  BHARATSINHJI  SHANKARJI,Bharatiya Janata Party
3891,Gujarat,Kachchh(1),won,659574,(+ 268782),CHAVDA VINOD LAKHAMSHI,Bharatiya Janata Party
3903,Haryana,GURGAON(9),won,808336,(+ 75079),RAO INDERJIT SINGH,Bharatiya Janata Party
3927,Haryana,BHIWANI-MAHENDRAGARH(8),won,588664,(+ 41510),DHARAMBIR SINGH,Bharatiya Janata Party
3945,Haryana,KARNAL(5),won,739285,(+ 232577),MANOHAR LAL,Bharatiya Janata Party
3965,Haryana,KURUKSHETRA(2),won,542175,(+ 29021),NAVEEN JINDAL,Bharatiya Janata Party
3997,Himachal Pradesh,HAMIRPUR(3),won,607068,(+ 182357),ANURAG SINGH THAKUR,Bharatiya Janata Party
4010,Himachal Pradesh,MANDI(2),won,537022,(+ 74755),KANGNA RANAUT,Bharatiya Janata Party
4021,Himachal Pradesh,KANGRA(1),won,632793,(+ 251895),DR RAJEEV BHARDWAJ,Bharatiya Janata Party
4032,Tripura,Tripura West(1),won,881341,(+ 611578),BIPLAB KUMAR DEB,Bharatiya Janata Party
4042,Uttarakhand,Nainital-Udhamsingh Nagar(4),won,772671,(+ 334548),AJAY BHATT,Bharatiya Janata Party
4053,Uttarakhand,Almora(3),won,429167,(+ 234097),AJAY TAMTA,Bharatiya Janata Party
4061,Uttarakhand,Garhwal(2),won,432159,(+ 163503),ANIL BALUNI,Bharatiya Janata Party
4075,Uttarakhand,Tehri Garhwal(1),won,462603,(+ 272493),MALA RAJYA LAKSHMI SHAH,Bharatiya Janata Party
4087,Punjab,Firozpur(10),won,266626,(+ 3242),SHER SINGH GHUBAYA,Indian National Congress
4117,Punjab,Fatehgarh Sahib(8),won,332591,(+ 34202),AMAR SINGH,Indian National Congress
4132,Rajasthan,BARMER(17),won,704676,(+ 118176),UMMEDA RAM BENIWAL,Indian National Congress
4144,Rajasthan,JHALAWAR-BARAN(25),won,865376,(+ 370989),DUSHYANT SINGH,Bharatiya Janata Party
4152,Tamil Nadu,TIRUCHIRAPPALLI(24),won,542213,(+ 313094),DURAI VAIKO,Marumalarchi Dravida Munnetra Kazhagam
4188,Tamil Nadu,MADURAI(32),won,430323,(+ 209409),VENKATESAN S,Communist Party of India  (Marxist)
4210,Tamil Nadu,NAGAPATTINAM(29),won,465044,(+ 208957),SELVARAJ V,Communist Party of India
4220,Tamil Nadu,CHIDAMBARAM(27),won,505084,(+ 103554),THIRUMAAVALAVAN THOL,Viduthalai Chiruthaigal Katchi
4235,Tamil Nadu,KANNIYAKUMARI(39),won,546248,(+ 179907),VIJAYAKUMAR (Alias) VIJAY VASANTH,Indian National Congress
4258,Tamil Nadu,TENKASI(37),won,425679,(+ 196199),DR RANI SRI KUMAR,Dravida Munnetra Kazhagam
4274,Telangana,Khammam (17),won,766929,(+ 467847),RAMASAHAYAM RAGHURAM REDDY,Indian National Congress
4310,Telangana,Mahbubnagar(11),won,510747,(+ 4500),ARUNA. D. K,Bharatiya Janata Party
4342,Uttar Pradesh,Nagina(5),won,512552,(+ 151473),CHANDRASHEKHAR,Aazad Samaj Party (Kanshi Ram)
4349,Uttar Pradesh,Baghpat(11),won,488967,(+ 159459),DR RAJKUMAR SANGWAN,Rashtriya Lok Dal
4357,Uttar Pradesh,Barabanki(53),won,719927,(+ 215704),TANUJ PUNIA,Indian National Congress
4371,Uttar Pradesh,Bhadohi(78),won,459982,(+ 44072),DR. VINOD KUMAR BIND,Bharatiya Janata Party
4382,Uttar Pradesh,Robertsganj(80),won,465848,(+ 129234),CHHOTELAL,Samajwadi Party
4395,Uttar Pradesh,Chandauli(76),won,474476,(+ 21565),BIRENDRA SINGH,Samajwadi Party
4406,Uttar Pradesh,Ghazipur(75),won,539912,(+ 124861),AFZAL ANSARI,Samajwadi Party
4417,Uttar Pradesh,Machhlishahr(74),won,451292,(+ 35850),PRIYA SAROJ,Samajwadi Party
4430,Uttar Pradesh,Jaunpur(73),won,509130,(+ 99335),BABU SINGH KUSHWAHA,Samajwadi Party
4445,Uttar Pradesh,Ballia(72),won,467068,(+ 43384),SANATAN PANDEY,Samajwadi Party
4459,Uttar Pradesh,Salempur(71),won,405472,(+ 3573),RAMASHANKAR RAJBHAR,Samajwadi Party
4469,Uttar Pradesh,Ghosi(70),won,503131,(+ 162943),RAJEEV RAI,Samajwadi Party
4498,Uttar Pradesh,Azamgarh(69),won,508239,(+ 161035),DHARMENDRA YADAV,Samajwadi Party
4508,Uttar Pradesh,Lalganj(68),won,439959,(+ 115023),DAROGA PRASAD SAROJ,Samajwadi Party
4516,Uttar Pradesh,Sant Kabir Nagar(62),won,498695,(+ 92170),LAXMIKANT PAPPU NISHAD,Samajwadi Party
4528,Uttar Pradesh,Basti(61),won,527005,(+ 100994),RAM PRASAD CHAUDHARY,Samajwadi Party
4538,Uttar Pradesh,Shrawasti(58),won,511055,(+ 76673),RAM SHIROMANI VERMA,Samajwadi Party
4551,Uttar Pradesh,Ambedkar Nagar(55),won,544959,(+ 137247),LALJI VERMA,Samajwadi Party
4560,Uttar Pradesh,Faizabad(54),won,554289,(+ 54567),AWADHESH PRASAD,Samajwadi Party
4574,Uttar Pradesh,Kaushambi(50),won,509787,(+ 103944),PUSHPENDRA SAROJ,Samajwadi Party
4585,Uttar Pradesh,Fatehpur(49),won,500328,(+ 33199),NARESH CHANDRA UTTAM PATEL,Samajwadi Party
4601,Uttar Pradesh,Banda(48),won,406567,(+ 71210),KRISHNA DEVI SHIVSHANKER PATEL,Samajwadi Party
4614,Uttar Pradesh,Hamirpur(47),won,490683,(+ 2629),AJENDRA SINGH LODHI,Samajwadi Party
4626,Uttar Pradesh,Jalaun(45),won,530180,(+ 53898),NARAYAN DAS AHIRWAR,Samajwadi Party
4633,Uttar Pradesh,Kannauj(42),won,642292,(+ 170922),AKHILESH YADAV,Samajwadi Party
4649,Uttar Pradesh,Etawah(41),won,490747,(+ 58419),JITENDRA KUMAR DOHARE,Samajwadi Party
4657,Uttar Pradesh,Pratapgarh(39),won,441932,(+ 66206),SHIV PAL SINGH PATEL (DR. S P SINGH),Samajwadi Party
4684,Uttar Pradesh,Sultanpur(38),won,444330,(+ 43174),RAMBHUAL NISHAD,Samajwadi Party
4694,Uttar Pradesh,Mohanlalganj(34),won,667869,(+ 70292),R.K. CHAUDHARY,Samajwadi Party
4706,Uttar Pradesh,Dhaurahra(29),won,443743,(+ 4449),ANAND BHADAURIYA,Samajwadi Party
4719,Uttar Pradesh,Kheri(28),won,557365,(+ 34329),UTKARSH VERMA  'MADHUR',Samajwadi Party
4731,Uttar Pradesh,Aonla(24),won,492515,(+ 15969),NEERAJ MAURYA,Samajwadi Party
4741,Uttar Pradesh,Badaun(23),won,501855,(+ 34991),ADITYA YADAV,Samajwadi Party
4753,Uttar Pradesh,Etah(22),won,475808,(+ 28052),DEVESH SHAKYA,Samajwadi Party
4764,Uttar Pradesh,Mainpuri(21),won,598526,(+ 221639),DIMPLE YADAV,Samajwadi Party
4773,Uttar Pradesh,Firozabad(20),won,543037,(+ 89312),AKSHAYA YADAV,Samajwadi Party
4781,Uttar Pradesh,Sambhal(8),won,571161,(+ 121494),ZIA UR REHMAN,Samajwadi Party
4794,Uttar Pradesh,Rampur(7),won,481503,(+ 87434),MOHIBBULLAH,Samajwadi Party
4801,Uttar Pradesh,Moradabad(6),won,637363,(+ 105762),RUCHI VIRA,Samajwadi Party
4814,Uttar Pradesh,Muzaffarnagar(3),won,470721,(+ 24672),HARENDRA SINGH MALIK,Samajwadi Party
4826,Uttar Pradesh,Kairana(2),won,528013,(+ 69116),IQRA CHOUDHARY,Samajwadi Party
4841,Uttar Pradesh,Varanasi(77),won,612970,(+ 152513),NARENDRA MODI,Bharatiya Janata Party
4849,Uttar Pradesh,Bansgaon(67),won,428693,(+ 3150),KAMLESH PASWAN,Bharatiya Janata Party
4858,Uttar Pradesh,Deoria(66),won,504541,(+ 34842),SHASHANK MANI,Bharatiya Janata Party
4866,Uttar Pradesh,Kushi Nagar(65),won,516345,(+ 81790),VIJAY KUMAR DUBAY,Bharatiya Janata Party
4876,Uttar Pradesh,Gorakhpur(64),won,585834,(+ 103526),RAVINDRA SHUKLA ALIAS RAVI KISHAN,Bharatiya Janata Party
4890,Uttar Pradesh,Maharajganj(63),won,591310,(+ 35451),PANKAJ CHAUDHARY,Bharatiya Janata Party
4899,Uttar Pradesh,Domariyaganj(60),won,463303,(+ 42728),JAGDAMBIKA PAL,Bharatiya Janata Party
4906,Uttar Pradesh,Gonda(59),won,474258,(+ 46224),KIRTIVARDHAN SINGH,Bharatiya Janata Party
4915,Uttar Pradesh,Kaiserganj(57),won,571263,(+ 148843),KARAN BHUSHAN SINGH,Bharatiya Janata Party
4920,Uttar Pradesh,Baharaich(56),won,518802,(+ 64227),ANAND KUMAR,Bharatiya Janata Party
4931,Uttar Pradesh,Phulpur(51),won,452600,(+ 4332),PRAVEEN PATEL,Bharatiya Janata Party
4947,Uttar Pradesh,Jhansi(46),won,690316,(+ 102614),ANURAG SHARMA,Bharatiya Janata Party
4958,Uttar Pradesh,Akbarpur(44),won,517423,(+ 44345),DEVENDRA SINGH ALIAS BHOLE SINGH,Bharatiya Janata Party
4968,Uttar Pradesh,Kanpur(43),won,443055,(+ 20968),RAMESH AWASTHI,Bharatiya Janata Party
4980,Uttar Pradesh,Farrukhabad(40),won,487963,(+ 2678),MUKESH RAJPUT,Bharatiya Janata Party
4989,Uttar Pradesh,Lucknow(35),won,612709,(+ 135159),RAJ NATH SINGH,Bharatiya Janata Party
5000,Uttar Pradesh,Unnao(33),won,616133,(+ 35818),SWAMI SACHCHIDANAND HARI SAKSHI,Bharatiya Janata Party
5009,Uttar Pradesh,Misrikh(32),won,475016,(+ 33406),ASHOK KUMAR RAWAT,Bharatiya Janata Party
5019,Uttar Pradesh,Hardoi(31),won,486798,(+ 27856),JAI PRAKASH,Bharatiya Janata Party
5032,Uttar Pradesh,Shahjahanpur(27),won,592718,(+ 55379),ARUN KUMAR SAGAR,Bharatiya Janata Party
5043,Uttar Pradesh,Pilibhit(26),won,607158,(+ 164935),JITIN PRASADA,Bharatiya Janata Party
5054,Uttar Pradesh,Bareilly(25),won,567127,(+ 34804),CHHATRA PAL SINGH GANGWAR,Bharatiya Janata Party
5068,Uttar Pradesh,Fatehpur Sikri(19),won,445657,(+ 43405),RAJKUMAR CHAHAR,Bharatiya Janata Party
5078,Uttar Pradesh,Agra(18),won,599397,(+ 271294),PROF S P SINGH BAGHEL,Bharatiya Janata Party
5090,Uttar Pradesh,Mathura(17),won,510064,(+ 293407),HEMAMALINI DHARMENDRA DEOL,Bharatiya Janata Party
5106,Uttar Pradesh,Hathras(16),won,554746,(+ 247318),ANOOP PRADHAN BALMIKI,Bharatiya Janata Party
5117,Uttar Pradesh,Aligarh(15),won,501834,(+ 15647),SATISH KUMAR GAUTAM,Bharatiya Janata Party
5132,Uttar Pradesh,Bulandshahr(14),won,597310,(+ 275134),DR BHOLA SINGH,Bharatiya Janata Party
5139,Uttar Pradesh,Gautam Buddha Nagar(13),won,857829,(+ 559472),DR. MAHESH SHARMA,Bharatiya Janata Party
5155,Uttar Pradesh,Ghaziabad(12),won,854170,(+ 336965),ATUL GARG,Bharatiya Janata Party
5170,Uttar Pradesh,Meerut(10),won,546469,(+ 10585),ARUN GOVIL,Bharatiya Janata Party
5179,Uttar Pradesh,Amroha(9),won,476506,(+ 28670),KANWAR SINGH TANWAR,Bharatiya Janata Party
5192,Uttar Pradesh,Allahabad(52),won,462145,(+ 58795),UJJWAL RAMAN SINGH,Indian National Congress
5207,Uttar Pradesh,Amethi(37),won,539228,(+ 167196),KISHORI LAL,Indian National Congress
5221,Uttar Pradesh,Rae Bareli(36),won,687649,(+ 390030),RAHUL GANDHI,Indian National Congress
5230,Uttar Pradesh,Sitapur(30),won,531138,(+ 89641),RAKESH RATHOR,Indian National Congress
5239,Uttar Pradesh,Saharanpur(1),won,547967,(+ 64542),IMRAN MASOOD,Indian National Congress
5250,Uttar Pradesh,Bijnor(4),won,404493,(+ 37508),CHANDAN CHAUHAN,Rashtriya Lok Dal
5262,Telangana,Chevella(10),won,809882,(+ 172897),KONDA VISHWESHWAR REDDY,Bharatiya Janata Party
5306,Telangana,Secunderabad(8),won,473012,(+ 49944),G. KISHAN REDDY,Bharatiya Janata Party
5352,Telangana,Malkajgiri(7),won,991042,(+ 391475),EATALA RAJENDER,Bharatiya Janata Party
5375,Telangana,Medak(6),won,471217,(+ 39139),MADHAVANENI RAGHUNANDAN RAO,Bharatiya Janata Party
5420,Telangana,Nizamabad(4),won,592318,(+ 109241),ARVIND DHARMAPURI,Bharatiya Janata Party
5450,Telangana,Karimnagar (3),won,585116,(+ 225209),BANDI SANJAY KUMAR,Bharatiya Janata Party
5479,Telangana,Adilabad (1),won,568168,(+ 90652),GODAM NAGESH,Bharatiya Janata Party
5492,Telangana,Mahabubabad  (16),won,612774,(+ 349165),BALRAM NAIK PORIKA,Indian National Congress
5516,Telangana,Warangal(15),won,581294,(+ 220339),KADIYAM KAVYA,Indian National Congress
5559,Telangana,Bhongir (14),won,629143,(+ 222170),CHAMALA KIRAN KUMAR REDDY,Indian National Congress
5599,Telangana,Nalgonda(13),won,784337,(+ 559905),KUNDURU RAGHUVEER,Indian National Congress
5622,Telangana,Nagarkurnool(12),won,465072,(+ 94414),DR.MALLU RAVI,Indian National Congress
5642,Telangana,Zahirabad(5),won,528418,(+ 46188),SURESH KUMAR SHETKAR,Indian National Congress
5662,Telangana,Peddapalle (2),won,475587,(+ 131364),VAMSI KRISHNA GADDAM,Indian National Congress
5705,Tamil Nadu,THOOTHUKKUDI(36),won,540729,(+ 392738),KANIMOZHI KARUNANIDHI,Dravida Munnetra Kazhagam
5734,Tamil Nadu,THENI(33),won,571493,(+ 278825),THANGA TAMILSELVAN,Dravida Munnetra Kazhagam
5760,Tamil Nadu,THANJAVUR(30),won,502245,(+ 319583),MURASOLI S,Dravida Munnetra Kazhagam
5773,Tamil Nadu,PERAMBALUR(25),won,603209,(+ 389107),ARUN NEHRU,Dravida Munnetra Kazhagam
5797,Tamil Nadu,POLLACHI(21),won,533377,(+ 252042),ESWARASAMY K,Dravida Munnetra Kazhagam
5813,Tamil Nadu,COIMBATORE(20),won,568200,(+ 118068),GANAPATHY RAJKUMAR P,Dravida Munnetra Kazhagam
5851,Tamil Nadu,NILGIRIS(19),won,473212,(+ 240585),RAJA A,Dravida Munnetra Kazhagam
5868,Tamil Nadu,ERODE(17),won,562339,(+ 236566),K E PRAKASH,Dravida Munnetra Kazhagam
5900,Tamil Nadu,NAMAKKAL(16),won,462036,(+ 29112),MATHESWARAN V S,Dravida Munnetra Kazhagam
5941,Tamil Nadu,SALEM(15),won,566085,(+ 70357),SELVAGANAPATHI T M,Dravida Munnetra Kazhagam
5967,Tamil Nadu,KALLAKURICHI(14),won,561589,(+ 53784),MALAIYARASAN D,Dravida Munnetra Kazhagam
5989,Tamil Nadu,ARANI(12),won,500099,(+ 208766),THARANIVENTHAN M S,Dravida Munnetra Kazhagam
6019,Tamil Nadu,TIRUVANNAMALAI(11),won,547379,(+ 233931),"ANNADURAI, C.N.",Dravida Munnetra Kazhagam
6051,Tamil Nadu,DHARMAPURI(10),won,432667,(+ 21300),MANI. A.,Dravida Munnetra Kazhagam
6076,Tamil Nadu,VELLORE(8),won,568692,(+ 215702),DM KATHIR ANAND,Dravida Munnetra Kazhagam
6108,Tamil Nadu,ARAKKONAM(7),won,563216,(+ 306559),S JAGATHRATCHAKAN,Dravida Munnetra Kazhagam
6135,Tamil Nadu,KANCHEEPURAM(6),won,586044,(+ 221473),SELVAM. G,Dravida Munnetra Kazhagam
6147,Tamil Nadu,SRIPERUMBUDUR(5),won,758611,(+ 487029),T R BAALU,Dravida Munnetra Kazhagam
6179,Tamil Nadu,CHENNAI CENTRAL(4),won,413848,(+ 244689),DAYANIDHI MARAN,Dravida Munnetra Kazhagam
6211,Tamil Nadu,CHENNAI SOUTH(3),won,516628,(+ 225945),T.SUMATHY (ALIAS) THAMIZHACHI THANGAPANDIAN,Dravida Munnetra Kazhagam
6253,Tamil Nadu,CHENNAI NORTH(2),won,497333,(+ 339222),DR.KALANIDHI VEERASWAMY,Dravida Munnetra Kazhagam
6289,Tamil Nadu,TIRUNELVELI(38),won,502296,(+ 165620),ROBERT BRUCE C,Indian National Congress
6313,Tamil Nadu,VIRUDHUNAGAR(34),won,385256,(+ 4379),MANICKAM TAGORE B,Indian National Congress
6341,Tamil Nadu,SIVAGANGA(31),won,427677,(+ 205664),KARTI P CHIDAMBARAM,Indian National Congress
6362,Tamil Nadu,MAYILADUTHURAI(28),won,518459,(+ 271183),SUDHA R,Indian National Congress
6380,Tamil Nadu,CUDDALORE(26),won,455053,(+ 185896),M.K. VISHNUPRASAD,Indian National Congress
6400,Tamil Nadu,KARUR(23),won,534906,(+ 166816),JOTHIMANI. S,Indian National Congress
6455,Tamil Nadu,KRISHNAGIRI(9),won,492883,(+ 192486),GOPINATH K,Indian National Congress
6483,Tamil Nadu,TIRUVALLUR(1),won,796956,(+ 572155),Sasikanth Senthil,Indian National Congress
6498,Tamil Nadu,VILUPPURAM(13),won,477033,(+ 70703),RAVIKUMAR. D,Viduthalai Chiruthaigal Katchi
6516,Tamil Nadu,TIRUPPUR(18),won,472739,(+ 125928),"SUBBARAYAN, K.",Communist Party of India
6530,Tamil Nadu,DINDIGUL(22),won,670149,(+ 443821),SACHITHANANTHAM R,Communist Party of India  (Marxist)
6546,Rajasthan,KOTA(24),won,750496,(+ 41974),OM BIRLA,Bharatiya Janata Party
6562,Rajasthan,BHILWARA(23),won,807640,(+ 354606),DAMODAR AGARWAL,Bharatiya Janata Party
6573,Rajasthan,RAJSAMAND(22),won,781203,(+ 392223),MAHIMA KUMARI MEWAR,Bharatiya Janata Party
6584,Rajasthan,CHITTORGARH(21),won,888202,(+ 389877),CHANDRA PRAKASH JOSHI,Bharatiya Janata Party
6603,Rajasthan,UDAIPUR (19),won,738286,(+ 261608),MANNA LAL RAWAT,Bharatiya Janata Party
6612,Rajasthan,JALORE (18),won,796783,(+ 201543),LUMBARAM,Bharatiya Janata Party
6625,Rajasthan,PALI(15),won,757389,(+ 245351),P. P. CHAUDHARY,Bharatiya Janata Party
6639,Rajasthan,JODHPUR(16),won,730056,(+ 115677),GAJENDRA SINGH SHEKHAWAT,Bharatiya Janata Party
6655,Rajasthan,AJMER (13),won,747462,(+ 329991),BHAGIRATH CHOUDHARY,Bharatiya Janata Party
6670,Rajasthan,ALWAR(8),won,631992,(+ 48282),BHUPENDER YADAV,Bharatiya Janata Party
6680,Rajasthan,JAIPUR(7),won,886850,(+ 331767),MANJU SHARMA,Bharatiya Janata Party
6694,Rajasthan,JAIPUR RURAL(6),won,617877,(+ 1615),RAO RAJENDRA SINGH,Bharatiya Janata Party
6710,Rajasthan,BIKANER (2),won,566737,(+ 55711),ARJUN RAM MEGHWAL,Bharatiya Janata Party
6720,Rajasthan,TONK-SAWAI MADHOPUR (12),won,623763,(+ 64949),HARISH CHANDRA MEENA,Indian National Congress
6732,Rajasthan,DAUSA (11),won,646266,(+ 237340),MURARI LAL MEENA,Indian National Congress
6738,Rajasthan,KARAULI-DHOLPUR (10),won,530011,(+ 98945),BHAJAN LAL JATAV,Indian National Congress
6743,Rajasthan,BHARATPUR (9),won,579890,(+ 51983),SANJNA JATAV,Indian National Congress
6750,Rajasthan,JHUNJHUNU     (4),won,553168,(+ 18235),BRIJENDRA SINGH OLA,Indian National Congress
6759,Rajasthan,CHURU(3),won,728211,(+ 72737),RAHUL KASWAN,Indian National Congress
6773,Rajasthan,GANGANAGAR (1),won,726492,(+ 88153),KULDEEP INDORA,Indian National Congress
6783,Punjab,Ludhiana(7),won,322224,(+ 20942),AMRINDER SINGH RAJA WARRING,Indian National Congress
6827,Punjab,Jalandhar(4),won,390053,(+ 175993),CHARANJIT SINGH CHANNI,Indian National Congress
6848,Punjab,Amritsar(2),won,255181,(+ 40301),GURJEET SINGH AUJLA,Indian National Congress
6879,Punjab,Gurdaspur(1),won,364043,(+ 82861),SUKHJINDER SINGH RANDHAWA,Indian National Congress
6906,Punjab,Anandpur Sahib(6),won,313217,(+ 10846),MALVINDER SINGH KANG,Aam Aadmi Party
6935,Punjab,Hoshiarpur(5),won,303859,(+ 44111),DR. RAJ KUMAR CHABBEWAL,Aam Aadmi Party
6952,Odisha,Aska(19),won,494226,(+ 99974),ANITA SUBHADARSHINI,Bharatiya Janata Party
6960,Odisha,Bhubaneswar(18),won,512519,(+ 35152),APARAJITA SARANGI,Bharatiya Janata Party
6973,Odisha,Puri(17),won,629330,(+ 104709),SAMBIT PATRA,Bharatiya Janata Party
6981,Odisha,Jagatsinghpur(16),won,589093,(+ 40696),BIBHU PRASAD TARAI,Bharatiya Janata Party
6993,Odisha,Kendrapara(15),won,615705,(+ 66536),BAIJAYANT PANDA,Bharatiya Janata Party
7004,Odisha,Cuttack(14),won,531601,(+ 57077),BHARTRUHARI MAHTAB,Bharatiya Janata Party
7015,Odisha,Kandhamal(13),won,416415,(+ 21371),SUKANTA KUMAR PANIGRAHI,Bharatiya Janata Party
7024,Odisha,Nabarangpur(12),won,481396,(+ 87536),BALABHADRA MAJHI,Bharatiya Janata Party
7029,Odisha,Kalahandi(11),won,544303,(+ 133813),MALVIKA DEVI,Bharatiya Janata Party
7041,Odisha,Bolangir(10),won,617744,(+ 132664),SANGEETA KUMARI SINGH DEO,Bharatiya Janata Party
7052,Odisha,Dhenkanal(9),won,598721,(+ 76567),RUDRA NARAYAN PANY,Bharatiya Janata Party
7063,Odisha,Jajpur(8),won,534239,(+ 1587),RABINDRA NARAYAN BEHERA,Bharatiya Janata Party
7077,Odisha,Bhadrak(7),won,573319,(+ 91544),AVIMANYU SETHI,Bharatiya Janata Party
7086,Odisha,Balasore(6),won,563865,(+ 147156),PRATAP CHANDRA SARANGI,Bharatiya Janata Party
7098,Odisha,Mayurbhanj(5),won,585971,(+ 219334),NABA CHARAN MAJHI,Bharatiya Janata Party
7112,Odisha,Keonjhar(4),won,573923,(+ 97042),ANANTA NAYAK,Bharatiya Janata Party
7124,Odisha,Sambalpur(3),won,592162,(+ 119836),DHARMENDRA PRADHAN,Bharatiya Janata Party
7139,Odisha,Sundargarh(2),won,494282,(+ 138808),JUAL ORAM,Bharatiya Janata Party
7148,Odisha,Bargarh(1),won,716359,(+ 251667),PRADEEP PUROHIT,Bharatiya Janata Party
7156,Maharashtra,Solapur(42),won,620225,(+ 74197),PRANITI SUSHILKUMAR SHINDE,Indian National Congress
7178,Maharashtra,Latur (41),won,609021,(+ 61881),DR. KALGE SHIVAJI BANDAPPA,Indian National Congress
7207,Maharashtra,Mumbai North Central(29),won,445545,(+ 16514),GAIKWAD VARSHA EKNATH,Indian National Congress
7235,Maharashtra,Jalna(18),won,607897,(+ 109958),KALYAN VAIJINATHRAO KALE,Indian National Congress
7262,Maharashtra,Nanded(16),won,528894,(+ 59442),CHAVAN VASANTRAO BALWANTRAO,Indian National Congress
7286,Maharashtra,Chandrapur(13),won,718410,(+ 260406),DHANORKAR PRATIBHA SURESH ALIAS BALUBHAU,Indian National Congress
7302,Maharashtra,Gadchiroli - Chimur(12),won,617792,(+ 141696),DR. KIRSAN  NAMDEO,Indian National Congress
7313,Maharashtra,Bhandara Gondiya(11),won,587413,(+ 37380),DR. PRASHANT YADAORAO PADOLE,Indian National Congress
7332,Maharashtra,Ramtek (9),won,613025,(+ 76768),Shyamkumar (Babalu) Daulat Barve,Indian National Congress
7361,Maharashtra,Amravati (7),won,526271,(+ 19731),BALWANT BASWANT WANKHADE,Indian National Congress
7399,Maharashtra,Dhule(2),won,583866,(+ 3831),BACHHAV SHOBHA DINESH,Indian National Congress
7418,Maharashtra,Nandurbar(1),won,745998,(+ 159120),ADV GOWAAL KAGADA PADAVI,Indian National Congress
7430,Goa,South Goa(2),won,217836,(+ 13535),CAPTAIN  VIRIATO FERNANDES,Indian National Congress
7439,Goa,North Goa(1),won,257326,(+ 116015),SHRIPAD YESSO NAIK,Bharatiya Janata Party
7448,Chhattisgarh,KORBA(4),won,570182,(+ 43283),JYOTSNA CHARANDAS MAHANT,Indian National Congress
7476,Chhattisgarh,KANKER(11),won,597624,(+ 1884),BHOJRAJ NAG,Bharatiya Janata Party
7486,Dadra & Nagar Haveli and Daman & Diu,Daman & Diu (1),won,42523,(+ 6225),PATEL UMESHBHAI BABUBHAI,Independent
7494,Dadra & Nagar Haveli and Daman & Diu,Dadar & Nagar Haveli(2),won,121074,(+ 57584),DELKAR KALABEN MOHANBHAI,Bharatiya Janata Party
7500,Chandigarh,Chandigarh(1),won,216657,(+ 2504),MANISH TEWARI,Indian National Congress
7520,Bihar,Purnia(12),won,567556,(+ 23847),RAJESH RANJAN ALIAS PAPPU YADAV,Independent
7528,Bihar,Gaya(38),won,494960,(+ 101812),JITAN RAM MANJHI,Hindustani Awam Morcha (Secular)
7543,Bihar,Karakat(35),won,380581,(+ 105858),RAJA RAM SINGH,Communist Party of India  (Marxist-Leninist)  (Liberation)
7557,Bihar,Sasaram(34),won,513004,(+ 19157),MANOJ KUMAR,Indian National Congress
7568,Bihar,Aurangabad(37),won,465567,(+ 79111),ABHAY KUMAR SINHA,Rashtriya Janata Dal
7578,Bihar,Jamui(40),won,509046,(+ 112482),ARUN BHARTI,Lok Janshakti Party(Ram Vilas)
7586,Bihar,Nawada(39),won,410608,(+ 67670),VIVEK THAKUR,Bharatiya Janata Party
7595,Assam,Barpeta(3),won,860113,(+ 222351),PHANI BHUSAN CHOUDHURY,Asom Gana Parishad
7610,Arunachal Pradesh,Arunachal East(2),won,145581,(+ 30421),TAPIR GAO,Bharatiya Janata Party
7617,Andhra Pradesh,Machilipatnam(11),won,724439,(+ 223179),BALASHOWRY VALLABHANENI,Janasena Party
7633,Andhra Pradesh,Kakinada(6),won,729699,(+ 229491),TANGELLA UDAY SRINIVAS  (TEA TIME UDAY),Janasena Party
7649,Arunachal Pradesh,Arunachal West(1),won,205417,(+ 100738),KIREN RIJIJU,Bharatiya Janata Party
7658,Bihar,Patna Sahib(30),won,588270,(+ 153846),RAVI SHANKAR PRASAD,Bharatiya Janata Party
7676,Bihar,Begusarai(24),won,649331,(+ 81480),GIRIRAJ SINGH,Bharatiya Janata Party
7687,Bihar,Ujiarpur(22),won,515965,(+ 60102),NITYANAND RAI,Bharatiya Janata Party
7701,Bihar,Saran(20),won,471752,(+ 13661),RAJIV PRATAP RUDY,Bharatiya Janata Party
7716,Bihar,Maharajganj(19),won,529533,(+ 102651),"JANARDAN SINGH ""SIGRIWAL""",Bharatiya Janata Party
7722,Bihar,Muzaffarpur(15),won,619749,(+ 234927),RAJ BHUSHAN CHOUDHARY,Bharatiya Janata Party
7749,Bihar,Darbhanga(14),won,566630,(+ 178156),GOPAL JEE THAKUR,Bharatiya Janata Party
7758,Bihar,Araria(9),won,600146,(+ 20094),PRADEEP KUMAR SINGH,Bharatiya Janata Party
7768,Bihar,Madhubani(6),won,553428,(+ 151945),ASHOK KUMAR YADAV,Bharatiya Janata Party
7781,Bihar,Purvi Champaran(3),won,542193,(+ 88287),RADHA MOHAN SINGH,Bharatiya Janata Party
7794,Bihar,Paschim Champaran(2),won,580421,(+ 136568),DR.SANJAY JAISWAL,Bharatiya Janata Party
7803,Bihar,Khagaria(25),won,538657,(+ 161131),RAJESH VERMA,Lok Janshakti Party(Ram Vilas)
7816,Bihar,Samastipur(23),won,579786,(+ 187251),SHAMBHAVI,Lok Janshakti Party(Ram Vilas)
7829,Bihar,Hajipur(21),won,615718,(+ 170105),CHIRAG PASWAN,Lok Janshakti Party(Ram Vilas)
7844,Bihar,Vaishali(16),won,567043,(+ 89634),VEENA DEVI,Lok Janshakti Party(Ram Vilas)
7860,Bihar,Jahanabad(36),won,443035,(+ 142591),SURENDRA PRASAD YADAV,Rashtriya Janata Dal
7876,Bihar,Buxar(33),won,438345,(+ 30091),SUDHAKAR SINGH,Rashtriya Janata Dal
7891,Bihar,Patliputra(31),won,613283,(+ 85174),MISHA BHARTI,Rashtriya Janata Dal
7914,Bihar,Katihar(11),won,567092,(+ 49863),TARIQ ANWAR,Indian National Congress
7924,Bihar,Kishanganj(10),won,402850,(+ 59692),MOHAMMAD JAWED,Indian National Congress
7937,Bihar,Arrah(32),won,529382,(+ 59808),SUDAMA PRASAD,Communist Party of India  (Marxist-Leninist)  (Liberation)
7952,Chhattisgarh,BASTAR(10),won,458398,(+ 55245),MAHESH KASHYAP,Bharatiya Janata Party
7964,Chhattisgarh,MAHASAMUND(9),won,703659,(+ 145456),ROOP KUMARI CHOUDHARY,Bharatiya Janata Party
7982,Chhattisgarh,RAIPUR(8),won,1050351,(+ 575285),BRIJMOHAN AGRAWAL,Bharatiya Janata Party
8021,Chhattisgarh,DURG(7),won,956497,(+ 438226),VIJAY BAGHEL,Bharatiya Janata Party
8047,Chhattisgarh,RAJNANDGAON(6),won,712057,(+ 44411),SANTOSH PANDEY,Bharatiya Janata Party
8063,Chhattisgarh,BILASPUR(5),won,724937,(+ 164558),TOKHAN SAHU,Bharatiya Janata Party
8101,Chhattisgarh,JANJGIR-CHAMPA(3),won,678199,(+ 60000),KAMLESH JANGDE,Bharatiya Janata Party
8120,Chhattisgarh,RAIGARH(2),won,808275,(+ 240391),RADHESHYAM RATHIYA,Bharatiya Janata Party
8134,Chhattisgarh,SURGUJA(1),won,713200,(+ 64822),CHINTAMANI MAHARAJ,Bharatiya Janata Party
8145,Andhra Pradesh,Narsapuram(9),won,707343,(+ 276802),BHUPATHI RAJU SRINIVASA VARMA (B.J.P.VARMA),Bharatiya Janata Party
8167,Andhra Pradesh,Rajahmundry(8),won,726515,(+ 239139),DAGGUBATI PURANDHESHWARI,Bharatiya Janata Party
8180,Andhra Pradesh,Anakapalle(5),won,762069,(+ 296530),C.M.RAMESH,Bharatiya Janata Party
8196,Andhra Pradesh,Rajampet(24),won,644844,(+ 76071),P V MIDHUN REDDY,Yuvajana Sramika Rythu Congress Party
8215,Andhra Pradesh,Thirupathi(SC)(23),won,632228,(+ 14569),GURUMOORTHY MADDILA,Yuvajana Sramika Rythu Congress Party
8239,Andhra Pradesh,Kadapa(21),won,605143,(+ 62695),Y. S. AVINASH REDDY,Yuvajana Sramika Rythu Congress Party
8254,Andhra Pradesh,Araku (ST)(1),won,477005,(+ 50580),GUMMA THANUJA RANI,Yuvajana Sramika Rythu Congress Party
8268,Andhra Pradesh,Chittoor(SC)(25),won,778071,(+ 220479),DAGGUMALLA PRASADA RAO,Telugu Desam
8288,Andhra Pradesh,Nellore(22),won,766202,(+ 245902),PRABHAKAR REDDY VEMIREDDY,Telugu Desam
8303,Andhra Pradesh,Hindupur(20),won,725534,(+ 132427),B K PARTHASARATHI,Telugu Desam
8317,Andhra Pradesh,Ananthapur(19),won,768245,(+ 188555),AMBICA G LAKSHMINARAYANA VALMIKI,Telugu Desam
8339,Andhra Pradesh,Kurnoolu(18),won,658914,(+ 111298),BASTIPATI NAGARAJU PANCHALINGALA,Telugu Desam
8359,Andhra Pradesh,Nandyal(17),won,701131,(+ 111975),DR BYREDDY SHABARI,Telugu Desam
8391,Assam,Kokrajhar (1),won,488995,(+ 51583),JOYANTA BASUMATARY,"United People’s Party, Liberal"
8404,Assam,Jorhat(14),won,751771,(+ 144393),GAURAV GOGOI,Indian National Congress
8409,Assam,Dibrugarh(13),won,693762,(+ 279321),SARBANANDA SONOWAL,Bharatiya Janata Party
8413,Bihar,Nalanda(29),won,559422,(+ 169114),KAUSHALENDRA KUMAR,Janata Dal  (United)
8443,Bihar,Munger(28),won,550146,(+ 80870),RAJIV RANJAN SINGH ALIAS LALAN SINGH,Janata Dal  (United)
8456,Bihar,Banka(27),won,506678,(+ 103844),GIRIDHARI YADAV,Janata Dal  (United)
8467,Bihar,Bhagalpur(26),won,536031,(+ 104868),AJAY KUMAR MANDAL,Janata Dal  (United)
8480,Bihar,Siwan(18),won,386508,(+ 92857),VIJAYLAKSHMI DEVI,Janata Dal  (United)
8494,Bihar,Gopalganj(17),won,511866,(+ 127180),DR. ALOK KUMAR SUMAN,Janata Dal  (United)
8506,Bihar,Madhepura(13),won,640649,(+ 174534),DINESH CHANDRA YADAV,Janata Dal  (United)
8515,Bihar,Supaul(8),won,595038,(+ 169803),DILESHWAR KAMAIT,Janata Dal  (United)
8531,Bihar,Jhanjharpur(7),won,533032,(+ 184169),RAMPRIT MANDAL,Janata Dal  (United)
8542,Bihar,Sitamarhi(5),won,515719,(+ 51356),DEVESH CHANDRA THAKUR,Janata Dal  (United)
8557,Bihar,Sheohar(4),won,476612,(+ 29143),LOVELY ANAND,Janata Dal  (United)
8570,Bihar,Valmiki Nagar (1),won,523422,(+ 98675),SUNIL KUMAR,Janata Dal  (United)
8581,Assam,Lakhimpur(12),won,663122,(+ 201257),PRADAN BARUAH,Bharatiya Janata Party
8591,Assam,Sonitpur(11),won,775788,(+ 361408),RANJIT DUTTA,Bharatiya Janata Party
8600,Assam,Kaziranga(10),won,897043,(+ 248947),KAMAKHYA PRASAD TASA,Bharatiya Janata Party
8612,Assam,Silchar (8),won,652405,(+ 264311),PARIMAL SUKLABAIDYA,Bharatiya Janata Party
8621,Assam,Karimganj(7),won,545093,(+ 18360),KRIPANATH MALLAH,Bharatiya Janata Party
8646,Assam,Diphu(6),won,334620,(+ 147603),AMARSING TISSO,Bharatiya Janata Party
8652,Assam,Guwahati(5),won,894887,(+ 251090),BIJULI KALITA  MEDHI,Bharatiya Janata Party
8661,Assam,Darrang-Udalguri(4),won,868387,(+ 329012),DILIP SAIKIA,Bharatiya Janata Party
8673,Assam,Nagaon(9),won,788850,(+ 212231),PRADYUT BORDOLOI,Indian National Congress
8687,Assam,Dhubri (2),won,1471885,(+ 1012476),RAKIBUL HUSSAIN,Indian National Congress
8701,Andhra Pradesh,Ongole(16),won,701894,(+ 50199),MAGUNTA SREENIVASULU REDDY,Telugu Desam
8727,Andhra Pradesh,Bapatla (SC)(15),won,717493,(+ 208031),KRISHNA PRASAD TENNETI,Telugu Desam
8743,Andhra Pradesh,Narsaraopet(14),won,807996,(+ 159729),LAVU SRIKRISHNA DEVARAYALU,Telugu Desam
8759,Andhra Pradesh,Guntur(13),won,864948,(+ 344695),DR CHANDRA SEKHAR PEMMASANI,Telugu Desam
8790,Andhra Pradesh,Vijayawada(12),won,794154,(+ 282085),KESINENI SIVANATH (CHINNI),Telugu Desam
8808,Andhra Pradesh,Eluru(10),won,746351,(+ 181857),PUTTA MAHESH KUMAR,Telugu Desam
8822,Andhra Pradesh,Amalapuram (SC)(7),won,796981,(+ 342196),G M HARISH (BALAYOGI),Telugu Desam
8838,Andhra Pradesh,Visakhapatnam(4),won,907467,(+ 504247),SRIBHARAT MATHUKUMILI,Telugu Desam
8872,Andhra Pradesh,Vizianagaram(3),won,743113,(+ 249351),APPALANAIDU KALISETTI,Telugu Desam
8888,Andhra Pradesh,Srikakulam(2),won,754328,(+ 327901),KINJARAPU RAMMOHAN NAIDU,Telugu Desam
